name,context_window,capabilities,description,pricing,metadata
gpt-5-search-api,,,,Not available from Models API; see OpenAI pricing pages,"{""id"": ""gpt-5-search-api"", ""created"": 1759514629, ""object"": ""model"", ""owned_by"": ""system""}"
gpt-5-search-api-2025-10-14,,,,Not available from Models API; see OpenAI pricing pages,"{""id"": ""gpt-5-search-api-2025-10-14"", ""created"": 1760043960, ""object"": ""model"", ""owned_by"": ""system""}"
tts-1,,,,Not available from Models API; see OpenAI pricing pages,"{""id"": ""tts-1"", ""created"": 1681940951, ""object"": ""model"", ""owned_by"": ""openai-internal""}"
dall-e-2,,,,Not available from Models API; see OpenAI pricing pages,"{""id"": ""dall-e-2"", ""created"": 1698798177, ""object"": ""model"", ""owned_by"": ""system""}"
tts-1-1106,,,,Not available from Models API; see OpenAI pricing pages,"{""id"": ""tts-1-1106"", ""created"": 1699053241, ""object"": ""model"", ""owned_by"": ""system""}"
gpt-4-turbo-2024-04-09,,,,Not available from Models API; see OpenAI pricing pages,"{""id"": ""gpt-4-turbo-2024-04-09"", ""created"": 1712601677, ""object"": ""model"", ""owned_by"": ""system""}"
gpt-audio,,,,Not available from Models API; see OpenAI pricing pages,"{""id"": ""gpt-audio"", ""created"": 1756339249, ""object"": ""model"", ""owned_by"": ""system""}"
gpt-4-turbo,,,,Not available from Models API; see OpenAI pricing pages,"{""id"": ""gpt-4-turbo"", ""created"": 1712361441, ""object"": ""model"", ""owned_by"": ""system""}"
gpt-4o-mini-tts,,,,Not available from Models API; see OpenAI pricing pages,"{""id"": ""gpt-4o-mini-tts"", ""created"": 1742403959, ""object"": ""model"", ""owned_by"": ""system""}"
gpt-realtime,,,,Not available from Models API; see OpenAI pricing pages,"{""id"": ""gpt-realtime"", ""created"": 1756271701, ""object"": ""model"", ""owned_by"": ""system""}"
gpt-realtime-2025-08-28,,,,Not available from Models API; see OpenAI pricing pages,"{""id"": ""gpt-realtime-2025-08-28"", ""created"": 1756271773, ""object"": ""model"", ""owned_by"": ""system""}"
gpt-4.1-mini,,,,Not available from Models API; see OpenAI pricing pages,"{""id"": ""gpt-4.1-mini"", ""created"": 1744318173, ""object"": ""model"", ""owned_by"": ""system""}"
gpt-4.1-mini-2025-04-14,,,,Not available from Models API; see OpenAI pricing pages,"{""id"": ""gpt-4.1-mini-2025-04-14"", ""created"": 1744317547, ""object"": ""model"", ""owned_by"": ""system""}"
gpt-3.5-turbo-1106,,,,Not available from Models API; see OpenAI pricing pages,"{""id"": ""gpt-3.5-turbo-1106"", ""created"": 1698959748, ""object"": ""model"", ""owned_by"": ""system""}"
gpt-4-0125-preview,,,,Not available from Models API; see OpenAI pricing pages,"{""id"": ""gpt-4-0125-preview"", ""created"": 1706037612, ""object"": ""model"", ""owned_by"": ""system""}"
davinci-002,,,,Not available from Models API; see OpenAI pricing pages,"{""id"": ""davinci-002"", ""created"": 1692634301, ""object"": ""model"", ""owned_by"": ""system""}"
gpt-4-turbo-preview,,,,Not available from Models API; see OpenAI pricing pages,"{""id"": ""gpt-4-turbo-preview"", ""created"": 1706037777, ""object"": ""model"", ""owned_by"": ""system""}"
gpt-4-0613,,,,Not available from Models API; see OpenAI pricing pages,"{""id"": ""gpt-4-0613"", ""created"": 1686588896, ""object"": ""model"", ""owned_by"": ""openai""}"
gpt-4,,,,Not available from Models API; see OpenAI pricing pages,"{""id"": ""gpt-4"", ""created"": 1687882411, ""object"": ""model"", ""owned_by"": ""openai""}"
gpt-4.1,,,,Not available from Models API; see OpenAI pricing pages,"{""id"": ""gpt-4.1"", ""created"": 1744316542, ""object"": ""model"", ""owned_by"": ""system""}"
gpt-4.1-2025-04-14,,,,Not available from Models API; see OpenAI pricing pages,"{""id"": ""gpt-4.1-2025-04-14"", ""created"": 1744315746, ""object"": ""model"", ""owned_by"": ""system""}"
dall-e-3,,,,Not available from Models API; see OpenAI pricing pages,"{""id"": ""dall-e-3"", ""created"": 1698785189, ""object"": ""model"", ""owned_by"": ""system""}"
gpt-4.1-nano,,,,Not available from Models API; see OpenAI pricing pages,"{""id"": ""gpt-4.1-nano"", ""created"": 1744321707, ""object"": ""model"", ""owned_by"": ""system""}"
gpt-3.5-turbo-instruct-0914,,,,Not available from Models API; see OpenAI pricing pages,"{""id"": ""gpt-3.5-turbo-instruct-0914"", ""created"": 1694122472, ""object"": ""model"", ""owned_by"": ""system""}"
whisper-1,,,,Not available from Models API; see OpenAI pricing pages,"{""id"": ""whisper-1"", ""created"": 1677532384, ""object"": ""model"", ""owned_by"": ""openai-internal""}"
o1-2024-12-17,,,,Not available from Models API; see OpenAI pricing pages,"{""id"": ""o1-2024-12-17"", ""created"": 1734326976, ""object"": ""model"", ""owned_by"": ""system""}"
gpt-4.1-nano-2025-04-14,,,,Not available from Models API; see OpenAI pricing pages,"{""id"": ""gpt-4.1-nano-2025-04-14"", ""created"": 1744321025, ""object"": ""model"", ""owned_by"": ""system""}"
gpt-3.5-turbo-16k,,,,Not available from Models API; see OpenAI pricing pages,"{""id"": ""gpt-3.5-turbo-16k"", ""created"": 1683758102, ""object"": ""model"", ""owned_by"": ""openai-internal""}"
gpt-audio-2025-08-28,,,,Not available from Models API; see OpenAI pricing pages,"{""id"": ""gpt-audio-2025-08-28"", ""created"": 1756256146, ""object"": ""model"", ""owned_by"": ""system""}"
gpt-3.5-turbo-instruct,,,,Not available from Models API; see OpenAI pricing pages,"{""id"": ""gpt-3.5-turbo-instruct"", ""created"": 1692901427, ""object"": ""model"", ""owned_by"": ""system""}"
gpt-4o-2024-11-20,,,,Not available from Models API; see OpenAI pricing pages,"{""id"": ""gpt-4o-2024-11-20"", ""created"": 1739331543, ""object"": ""model"", ""owned_by"": ""system""}"
gpt-4o-2024-05-13,,,,Not available from Models API; see OpenAI pricing pages,"{""id"": ""gpt-4o-2024-05-13"", ""created"": 1715368132, ""object"": ""model"", ""owned_by"": ""system""}"
gpt-4o-mini-search-preview,,,,Not available from Models API; see OpenAI pricing pages,"{""id"": ""gpt-4o-mini-search-preview"", ""created"": 1741391161, ""object"": ""model"", ""owned_by"": ""system""}"
gpt-4o-mini-search-preview-2025-03-11,,,,Not available from Models API; see OpenAI pricing pages,"{""id"": ""gpt-4o-mini-search-preview-2025-03-11"", ""created"": 1741390858, ""object"": ""model"", ""owned_by"": ""system""}"
gpt-5.1-chat-latest,,,,Not available from Models API; see OpenAI pricing pages,"{""id"": ""gpt-5.1-chat-latest"", ""created"": 1762547951, ""object"": ""model"", ""owned_by"": ""system""}"
gpt-4o-search-preview,,,,Not available from Models API; see OpenAI pricing pages,"{""id"": ""gpt-4o-search-preview"", ""created"": 1741388720, ""object"": ""model"", ""owned_by"": ""system""}"
omni-moderation-latest,,,,Not available from Models API; see OpenAI pricing pages,"{""id"": ""omni-moderation-latest"", ""created"": 1731689265, ""object"": ""model"", ""owned_by"": ""system""}"
o1-pro,,,,Not available from Models API; see OpenAI pricing pages,"{""id"": ""o1-pro"", ""created"": 1742251791, ""object"": ""model"", ""owned_by"": ""system""}"
o1-pro-2025-03-19,,,,Not available from Models API; see OpenAI pricing pages,"{""id"": ""o1-pro-2025-03-19"", ""created"": 1742251504, ""object"": ""model"", ""owned_by"": ""system""}"
gpt-5.1-codex-mini,,,,Not available from Models API; see OpenAI pricing pages,"{""id"": ""gpt-5.1-codex-mini"", ""created"": 1763007109, ""object"": ""model"", ""owned_by"": ""system""}"
gpt-4o-search-preview-2025-03-11,,,,Not available from Models API; see OpenAI pricing pages,"{""id"": ""gpt-4o-search-preview-2025-03-11"", ""created"": 1741388170, ""object"": ""model"", ""owned_by"": ""system""}"
text-embedding-3-small,,,,Not available from Models API; see OpenAI pricing pages,"{""id"": ""text-embedding-3-small"", ""created"": 1705948997, ""object"": ""model"", ""owned_by"": ""system""}"
o4-mini-deep-research-2025-06-26,,,,Not available from Models API; see OpenAI pricing pages,"{""id"": ""o4-mini-deep-research-2025-06-26"", ""created"": 1750866121, ""object"": ""model"", ""owned_by"": ""system""}"
o4-mini-deep-research,,,,Not available from Models API; see OpenAI pricing pages,"{""id"": ""o4-mini-deep-research"", ""created"": 1749685485, ""object"": ""model"", ""owned_by"": ""system""}"
codex-mini-latest,,,,Not available from Models API; see OpenAI pricing pages,"{""id"": ""codex-mini-latest"", ""created"": 1746673257, ""object"": ""model"", ""owned_by"": ""system""}"
gpt-4o-2024-08-06,,,,Not available from Models API; see OpenAI pricing pages,"{""id"": ""gpt-4o-2024-08-06"", ""created"": 1722814719, ""object"": ""model"", ""owned_by"": ""system""}"
o1,,,,Not available from Models API; see OpenAI pricing pages,"{""id"": ""o1"", ""created"": 1734375816, ""object"": ""model"", ""owned_by"": ""system""}"
gpt-4o-mini-2024-07-18,,,,Not available from Models API; see OpenAI pricing pages,"{""id"": ""gpt-4o-mini-2024-07-18"", ""created"": 1721172717, ""object"": ""model"", ""owned_by"": ""system""}"
gpt-4o-mini,,,,Not available from Models API; see OpenAI pricing pages,"{""id"": ""gpt-4o-mini"", ""created"": 1721172741, ""object"": ""model"", ""owned_by"": ""system""}"
gpt-4o-mini-audio-preview,,,,Not available from Models API; see OpenAI pricing pages,"{""id"": ""gpt-4o-mini-audio-preview"", ""created"": 1734387424, ""object"": ""model"", ""owned_by"": ""system""}"
gpt-image-1-mini,,,,Not available from Models API; see OpenAI pricing pages,"{""id"": ""gpt-image-1-mini"", ""created"": 1758845821, ""object"": ""model"", ""owned_by"": ""system""}"
gpt-5-mini,,,,Not available from Models API; see OpenAI pricing pages,"{""id"": ""gpt-5-mini"", ""created"": 1754425928, ""object"": ""model"", ""owned_by"": ""system""}"
gpt-image-1,,,,Not available from Models API; see OpenAI pricing pages,"{""id"": ""gpt-image-1"", ""created"": 1745517030, ""object"": ""model"", ""owned_by"": ""system""}"
gpt-5-mini-2025-08-07,,,,Not available from Models API; see OpenAI pricing pages,"{""id"": ""gpt-5-mini-2025-08-07"", ""created"": 1754425867, ""object"": ""model"", ""owned_by"": ""system""}"
omni-moderation-2024-09-26,,,,Not available from Models API; see OpenAI pricing pages,"{""id"": ""omni-moderation-2024-09-26"", ""created"": 1732734466, ""object"": ""model"", ""owned_by"": ""system""}"
gpt-5,,,,Not available from Models API; see OpenAI pricing pages,"{""id"": ""gpt-5"", ""created"": 1754425777, ""object"": ""model"", ""owned_by"": ""system""}"
o3-pro,,,,Not available from Models API; see OpenAI pricing pages,"{""id"": ""o3-pro"", ""created"": 1748475349, ""object"": ""model"", ""owned_by"": ""system""}"
text-embedding-ada-002,,,,Not available from Models API; see OpenAI pricing pages,"{""id"": ""text-embedding-ada-002"", ""created"": 1671217299, ""object"": ""model"", ""owned_by"": ""openai-internal""}"
gpt-5-nano-2025-08-07,,,,Not available from Models API; see OpenAI pricing pages,"{""id"": ""gpt-5-nano-2025-08-07"", ""created"": 1754426303, ""object"": ""model"", ""owned_by"": ""system""}"
gpt-4o-audio-preview-2024-12-17,,,,Not available from Models API; see OpenAI pricing pages,"{""id"": ""gpt-4o-audio-preview-2024-12-17"", ""created"": 1734034239, ""object"": ""model"", ""owned_by"": ""system""}"
gpt-5-nano,,,,Not available from Models API; see OpenAI pricing pages,"{""id"": ""gpt-5-nano"", ""created"": 1754426384, ""object"": ""model"", ""owned_by"": ""system""}"
gpt-5.1-2025-11-13,,,,Not available from Models API; see OpenAI pricing pages,"{""id"": ""gpt-5.1-2025-11-13"", ""created"": 1762800353, ""object"": ""model"", ""owned_by"": ""system""}"
tts-1-hd-1106,,,,Not available from Models API; see OpenAI pricing pages,"{""id"": ""tts-1-hd-1106"", ""created"": 1699053533, ""object"": ""model"", ""owned_by"": ""system""}"
tts-1-hd,,,,Not available from Models API; see OpenAI pricing pages,"{""id"": ""tts-1-hd"", ""created"": 1699046015, ""object"": ""model"", ""owned_by"": ""system""}"
gpt-3.5-turbo-0125,,,,Not available from Models API; see OpenAI pricing pages,"{""id"": ""gpt-3.5-turbo-0125"", ""created"": 1706048358, ""object"": ""model"", ""owned_by"": ""system""}"
gpt-audio-mini,,,,Not available from Models API; see OpenAI pricing pages,"{""id"": ""gpt-audio-mini"", ""created"": 1759512027, ""object"": ""model"", ""owned_by"": ""system""}"
gpt-audio-mini-2025-10-06,,,,Not available from Models API; see OpenAI pricing pages,"{""id"": ""gpt-audio-mini-2025-10-06"", ""created"": 1759512137, ""object"": ""model"", ""owned_by"": ""system""}"
gpt-5.1,,,,Not available from Models API; see OpenAI pricing pages,"{""id"": ""gpt-5.1"", ""created"": 1762800673, ""object"": ""model"", ""owned_by"": ""system""}"
gpt-4o-mini-audio-preview-2024-12-17,,,,Not available from Models API; see OpenAI pricing pages,"{""id"": ""gpt-4o-mini-audio-preview-2024-12-17"", ""created"": 1734115920, ""object"": ""model"", ""owned_by"": ""system""}"
o3-mini-2025-01-31,,,,Not available from Models API; see OpenAI pricing pages,"{""id"": ""o3-mini-2025-01-31"", ""created"": 1738010200, ""object"": ""model"", ""owned_by"": ""system""}"
o3-mini,,,,Not available from Models API; see OpenAI pricing pages,"{""id"": ""o3-mini"", ""created"": 1737146383, ""object"": ""model"", ""owned_by"": ""system""}"
gpt-5-codex,,,,Not available from Models API; see OpenAI pricing pages,"{""id"": ""gpt-5-codex"", ""created"": 1757527818, ""object"": ""model"", ""owned_by"": ""system""}"
gpt-4o-realtime-preview-2024-12-17,,,,Not available from Models API; see OpenAI pricing pages,"{""id"": ""gpt-4o-realtime-preview-2024-12-17"", ""created"": 1733945430, ""object"": ""model"", ""owned_by"": ""system""}"
o3-pro-2025-06-10,,,,Not available from Models API; see OpenAI pricing pages,"{""id"": ""o3-pro-2025-06-10"", ""created"": 1749166761, ""object"": ""model"", ""owned_by"": ""system""}"
gpt-4-1106-preview,,,,Not available from Models API; see OpenAI pricing pages,"{""id"": ""gpt-4-1106-preview"", ""created"": 1698957206, ""object"": ""model"", ""owned_by"": ""system""}"
babbage-002,,,,Not available from Models API; see OpenAI pricing pages,"{""id"": ""babbage-002"", ""created"": 1692634615, ""object"": ""model"", ""owned_by"": ""system""}"
gpt-5-chat-latest,,,,Not available from Models API; see OpenAI pricing pages,"{""id"": ""gpt-5-chat-latest"", ""created"": 1754073306, ""object"": ""model"", ""owned_by"": ""system""}"
gpt-3.5-turbo,,,,Not available from Models API; see OpenAI pricing pages,"{""id"": ""gpt-3.5-turbo"", ""created"": 1677610602, ""object"": ""model"", ""owned_by"": ""openai""}"
gpt-5-2025-08-07,,,,Not available from Models API; see OpenAI pricing pages,"{""id"": ""gpt-5-2025-08-07"", ""created"": 1754075360, ""object"": ""model"", ""owned_by"": ""system""}"
chatgpt-4o-latest,,,,Not available from Models API; see OpenAI pricing pages,"{""id"": ""chatgpt-4o-latest"", ""created"": 1723515131, ""object"": ""model"", ""owned_by"": ""system""}"
gpt-4o-transcribe,,,,Not available from Models API; see OpenAI pricing pages,"{""id"": ""gpt-4o-transcribe"", ""created"": 1742068463, ""object"": ""model"", ""owned_by"": ""system""}"
sora-2,,,,Not available from Models API; see OpenAI pricing pages,"{""id"": ""sora-2"", ""created"": 1759708615, ""object"": ""model"", ""owned_by"": ""system""}"
sora-2-pro,,,,Not available from Models API; see OpenAI pricing pages,"{""id"": ""sora-2-pro"", ""created"": 1759708663, ""object"": ""model"", ""owned_by"": ""system""}"
gpt-5-pro-2025-10-06,,,,Not available from Models API; see OpenAI pricing pages,"{""id"": ""gpt-5-pro-2025-10-06"", ""created"": 1759469707, ""object"": ""model"", ""owned_by"": ""system""}"
gpt-4o,,,,Not available from Models API; see OpenAI pricing pages,"{""id"": ""gpt-4o"", ""created"": 1715367049, ""object"": ""model"", ""owned_by"": ""system""}"
gpt-5.1-codex,,,,Not available from Models API; see OpenAI pricing pages,"{""id"": ""gpt-5.1-codex"", ""created"": 1762988221, ""object"": ""model"", ""owned_by"": ""system""}"
gpt-4o-realtime-preview,,,,Not available from Models API; see OpenAI pricing pages,"{""id"": ""gpt-4o-realtime-preview"", ""created"": 1727659998, ""object"": ""model"", ""owned_by"": ""system""}"
gpt-realtime-mini,,,,Not available from Models API; see OpenAI pricing pages,"{""id"": ""gpt-realtime-mini"", ""created"": 1759517133, ""object"": ""model"", ""owned_by"": ""system""}"
gpt-realtime-mini-2025-10-06,,,,Not available from Models API; see OpenAI pricing pages,"{""id"": ""gpt-realtime-mini-2025-10-06"", ""created"": 1759517175, ""object"": ""model"", ""owned_by"": ""system""}"
o4-mini,,,,Not available from Models API; see OpenAI pricing pages,"{""id"": ""o4-mini"", ""created"": 1744225351, ""object"": ""model"", ""owned_by"": ""system""}"
gpt-4o-realtime-preview-2025-06-03,,,,Not available from Models API; see OpenAI pricing pages,"{""id"": ""gpt-4o-realtime-preview-2025-06-03"", ""created"": 1748907838, ""object"": ""model"", ""owned_by"": ""system""}"
o4-mini-2025-04-16,,,,Not available from Models API; see OpenAI pricing pages,"{""id"": ""o4-mini-2025-04-16"", ""created"": 1744133506, ""object"": ""model"", ""owned_by"": ""system""}"
gpt-4o-audio-preview,,,,Not available from Models API; see OpenAI pricing pages,"{""id"": ""gpt-4o-audio-preview"", ""created"": 1727460443, ""object"": ""model"", ""owned_by"": ""system""}"
gpt-4o-audio-preview-2025-06-03,,,,Not available from Models API; see OpenAI pricing pages,"{""id"": ""gpt-4o-audio-preview-2025-06-03"", ""created"": 1748908498, ""object"": ""model"", ""owned_by"": ""system""}"
gpt-5-pro,,,,Not available from Models API; see OpenAI pricing pages,"{""id"": ""gpt-5-pro"", ""created"": 1759469822, ""object"": ""model"", ""owned_by"": ""system""}"
text-embedding-3-large,,,,Not available from Models API; see OpenAI pricing pages,"{""id"": ""text-embedding-3-large"", ""created"": 1705953180, ""object"": ""model"", ""owned_by"": ""system""}"
o3-deep-research,,,,Not available from Models API; see OpenAI pricing pages,"{""id"": ""o3-deep-research"", ""created"": 1749840121, ""object"": ""model"", ""owned_by"": ""system""}"
o3-deep-research-2025-06-26,,,,Not available from Models API; see OpenAI pricing pages,"{""id"": ""o3-deep-research-2025-06-26"", ""created"": 1750865219, ""object"": ""model"", ""owned_by"": ""system""}"
gpt-4o-mini-transcribe,,,,Not available from Models API; see OpenAI pricing pages,"{""id"": ""gpt-4o-mini-transcribe"", ""created"": 1742068596, ""object"": ""model"", ""owned_by"": ""system""}"
gpt-4o-mini-realtime-preview,,,,Not available from Models API; see OpenAI pricing pages,"{""id"": ""gpt-4o-mini-realtime-preview"", ""created"": 1734387380, ""object"": ""model"", ""owned_by"": ""system""}"
gpt-4o-mini-realtime-preview-2024-12-17,,,,Not available from Models API; see OpenAI pricing pages,"{""id"": ""gpt-4o-mini-realtime-preview-2024-12-17"", ""created"": 1734112601, ""object"": ""model"", ""owned_by"": ""system""}"
o3,,,,Not available from Models API; see OpenAI pricing pages,"{""id"": ""o3"", ""created"": 1744225308, ""object"": ""model"", ""owned_by"": ""system""}"
o3-2025-04-16,,,,Not available from Models API; see OpenAI pricing pages,"{""id"": ""o3-2025-04-16"", ""created"": 1744133301, ""object"": ""model"", ""owned_by"": ""system""}"
gpt-4o-transcribe-diarize,,,,Not available from Models API; see OpenAI pricing pages,"{""id"": ""gpt-4o-transcribe-diarize"", ""created"": 1750798887, ""object"": ""model"", ""owned_by"": ""system""}"
gpt-4o-audio-preview-2024-10-01,,,,Not available from Models API; see OpenAI pricing pages,"{""id"": ""gpt-4o-audio-preview-2024-10-01"", ""created"": 1727389042, ""object"": ""model"", ""owned_by"": ""system""}"
gpt-4o-realtime-preview-2024-10-01,,,,Not available from Models API; see OpenAI pricing pages,"{""id"": ""gpt-4o-realtime-preview-2024-10-01"", ""created"": 1727131766, ""object"": ""model"", ""owned_by"": ""system""}"
